-- =============================================
-- SEED DATA — Tennis String & Tune
-- Datos de prueba para desarrollo y validación Power BI
-- =============================================

-- =============================================
-- CLIENTES (8 con perfiles variados)
-- =============================================
INSERT INTO clientes (id, nombre, apellidos, telefono, email, notas) VALUES
  ('a1000000-0000-0000-0000-000000000001', 'Carlos',   'Martínez López',   '612000001', 'carlos.martinez@email.com',  'Cliente habitual. Prefiere tensión alta.'),
  ('a1000000-0000-0000-0000-000000000002', 'Laura',    'Sánchez Pérez',    '612000002', 'laura.sanchez@email.com',    NULL),
  ('a1000000-0000-0000-0000-000000000003', 'Miguel',   'García Torres',    '612000003', 'miguel.garcia@email.com',    'Compite en torneos locales.'),
  ('a1000000-0000-0000-0000-000000000004', 'Ana',      'Fernández Ruiz',   '612000004', NULL,                         NULL),
  ('a1000000-0000-0000-0000-000000000005', 'Javier',   'López Moreno',     '612000005', 'javier.lopez@email.com',     'Prefiere encordado híbrido siempre.'),
  ('a1000000-0000-0000-0000-000000000006', 'Sofía',    'Romero Castro',    '612000006', 'sofia.romero@email.com',     NULL),
  ('a1000000-0000-0000-0000-000000000007', 'David',    'Jiménez Vega',     '612000007', NULL,                         'Cliente nuevo.'),
  ('a1000000-0000-0000-0000-000000000008', 'Elena',    'Navarro Gil',      '612000008', 'elena.navarro@email.com',    NULL);

-- =============================================
-- RAQUETAS (10 raquetas distribuidas entre clientes, con distintos modelos y notas)
-- =============================================
INSERT INTO raquetas (id, cliente_id, marca, modelo, tension_habitual_main, tension_habitual_cross, notas) VALUES
  ('b1000000-0000-0000-0000-000000000001', 'a1000000-0000-0000-0000-000000000001', 'Babolat',  'Pure Drive',         27.0, 25.0, NULL),
  ('b1000000-0000-0000-0000-000000000002', 'a1000000-0000-0000-0000-000000000001', 'Wilson',   'Blade 98',           26.0, 24.0, 'Segunda raqueta de competición.'),
  ('b1000000-0000-0000-0000-000000000003', 'a1000000-0000-0000-0000-000000000002', 'Head',     'Speed MP',           25.0, 25.0, NULL),
  ('b1000000-0000-0000-0000-000000000004', 'a1000000-0000-0000-0000-000000000003', 'Wilson',   'Pro Staff 97',       24.0, 23.0, NULL),
  ('b1000000-0000-0000-0000-000000000005', 'a1000000-0000-0000-0000-000000000003', 'Babolat',  'Pure Aero',          26.0, 25.0, NULL),
  ('b1000000-0000-0000-0000-000000000006', 'a1000000-0000-0000-0000-000000000004', 'Yonex',    'EZONE 98',           25.0, 24.0, NULL),
  ('b1000000-0000-0000-0000-000000000007', 'a1000000-0000-0000-0000-000000000005', 'Head',     'Radical MP',         23.0, 22.0, NULL),
  ('b1000000-0000-0000-0000-000000000008', 'a1000000-0000-0000-0000-000000000006', 'Babolat',  'Pure Strike',        26.0, 25.0, NULL),
  ('b1000000-0000-0000-0000-000000000009', 'a1000000-0000-0000-0000-000000000007', 'Wilson',   'Clash 100',          24.0, 23.0, NULL),
  ('b1000000-0000-0000-0000-000000000010', 'a1000000-0000-0000-0000-000000000008', 'Head',     'Boom MP',            25.0, 24.0, NULL);

-- =============================================
-- CUERDAS (6 activas + 1 descatalogada para probar el borrado lógico)
-- =============================================
INSERT INTO cuerdas (id, nombre, marca, precio_unitario, activo) VALUES
  ('c1000000-0000-0000-0000-000000000001', 'RPM Blast',         'Babolat',   18.00, TRUE),
  ('c1000000-0000-0000-0000-000000000002', 'Alu Power',         'Luxilon',   20.00, TRUE),
  ('c1000000-0000-0000-0000-000000000003', 'NXT Control',       'Wilson',    16.00, TRUE),
  ('c1000000-0000-0000-0000-000000000004', 'Synthetic Gut',     'Prince',    10.00, TRUE),
  ('c1000000-0000-0000-0000-000000000005', 'Hawk',              'Head',      15.00, TRUE),
  ('c1000000-0000-0000-0000-000000000006', 'X-One Biphase',     'Tecnifibre', 17.00, TRUE),
  ('c1000000-0000-0000-0000-000000000007', 'Cyber Flash',       'Pro Supex', 12.00, FALSE); -- descatalogada

-- =============================================
-- ÓRDENES DE SERVICIO
--  12 Distribuidas en distintos estados y meses para análisis en Power BI
-- =============================================
INSERT INTO ordenes_servicio (
  id, cliente_id, raqueta_id,
  srv_encordado, cuerda_main_id, cuerda_cross_id, tension_main, tension_cross,
  srv_grip, srv_limpieza, srv_logo,
  precio_total, pagado, estado,
  fecha_entrada, fecha_prevista, fecha_entrega_real, notas
) VALUES

  -- Enero
  ('d1000000-0000-0000-0000-000000000001',
   'a1000000-0000-0000-0000-000000000001', 'b1000000-0000-0000-0000-000000000001',
   TRUE, 'c1000000-0000-0000-0000-000000000001', 'c1000000-0000-0000-0000-000000000001', 27.0, 25.0,
   FALSE, FALSE, FALSE,
   18.00, TRUE, 'entregado',
   '2026-01-10 09:00:00+01', '2026-01-12', '2026-01-11 17:00:00+01', NULL),

  ('d1000000-0000-0000-0000-000000000002',
   'a1000000-0000-0000-0000-000000000002', 'b1000000-0000-0000-0000-000000000003',
   TRUE, 'c1000000-0000-0000-0000-000000000003', 'c1000000-0000-0000-0000-000000000003', 25.0, 25.0,
   TRUE, FALSE, FALSE,
   21.00, TRUE, 'entregado',
   '2026-01-15 10:30:00+01', '2026-01-17', '2026-01-16 18:00:00+01', NULL),

  ('d1000000-0000-0000-0000-000000000003',
   'a1000000-0000-0000-0000-000000000003', 'b1000000-0000-0000-0000-000000000004',
   TRUE, 'c1000000-0000-0000-0000-000000000002', 'c1000000-0000-0000-0000-000000000002', 24.0, 23.0,
   FALSE, TRUE, FALSE,
   25.00, TRUE, 'entregado',
   '2026-01-20 11:00:00+01', '2026-01-22', '2026-01-21 16:30:00+01', NULL),

  -- Febrero
  ('d1000000-0000-0000-0000-000000000004',
   'a1000000-0000-0000-0000-000000000005', 'b1000000-0000-0000-0000-000000000007',
   TRUE, 'c1000000-0000-0000-0000-000000000001', 'c1000000-0000-0000-0000-000000000005', 23.0, 22.0,
   FALSE, FALSE, FALSE,
   33.00, TRUE, 'entregado',
   '2026-02-03 09:30:00+01', '2026-02-05', '2026-02-04 17:00:00+01', 'Híbrido solicitado por cliente.'),

  ('d1000000-0000-0000-0000-000000000005',
   'a1000000-0000-0000-0000-000000000004', 'b1000000-0000-0000-0000-000000000006',
   TRUE, 'c1000000-0000-0000-0000-000000000006', 'c1000000-0000-0000-0000-000000000006', 25.0, 24.0,
   TRUE, FALSE, FALSE,
   22.00, TRUE, 'entregado',
   '2026-02-10 10:00:00+01', '2026-02-12', '2026-02-11 18:00:00+01', NULL),

  ('d1000000-0000-0000-0000-000000000006',
   'a1000000-0000-0000-0000-000000000001', 'b1000000-0000-0000-0000-000000000002',
   TRUE, 'c1000000-0000-0000-0000-000000000002', 'c1000000-0000-0000-0000-000000000002', 26.0, 24.0,
   FALSE, FALSE, TRUE,
   25.00, FALSE, 'entregado',
   '2026-02-18 09:00:00+01', '2026-02-20', '2026-02-19 17:30:00+01', 'Logo personalizado equipo.'),

  -- Marzo
  ('d1000000-0000-0000-0000-000000000007',
   'a1000000-0000-0000-0000-000000000006', 'b1000000-0000-0000-0000-000000000008',
   TRUE, 'c1000000-0000-0000-0000-000000000001', 'c1000000-0000-0000-0000-000000000001', 26.0, 25.0,
   TRUE, TRUE, FALSE,
   23.00, TRUE, 'entregado',
   '2026-03-05 11:00:00+01', '2026-03-07', '2026-03-06 16:00:00+01', NULL),

  ('d1000000-0000-0000-0000-000000000008',
   'a1000000-0000-0000-0000-000000000003', 'b1000000-0000-0000-0000-000000000005',
   TRUE, 'c1000000-0000-0000-0000-000000000004', 'c1000000-0000-0000-0000-000000000004', 26.0, 25.0,
   FALSE, FALSE, FALSE,
   10.00, TRUE, 'entregado',
   '2026-03-12 10:00:00+01', '2026-03-14', '2026-03-13 17:00:00+01', NULL),

  ('d1000000-0000-0000-0000-000000000009',
   'a1000000-0000-0000-0000-000000000007', 'b1000000-0000-0000-0000-000000000009',
   TRUE, 'c1000000-0000-0000-0000-000000000003', 'c1000000-0000-0000-0000-000000000003', 24.0, 23.0,
   TRUE, FALSE, FALSE,
   21.00, TRUE, 'entregado',
   '2026-03-20 09:30:00+01', '2026-03-22', '2026-03-21 18:00:00+01', NULL),

  -- Abril (órdenes recientes en distintos estados)
  ('d1000000-0000-0000-0000-000000000010',
   'a1000000-0000-0000-0000-000000000008', 'b1000000-0000-0000-0000-000000000010',
   TRUE, 'c1000000-0000-0000-0000-000000000005', 'c1000000-0000-0000-0000-000000000005', 25.0, 24.0,
   FALSE, FALSE, FALSE,
   15.00, FALSE, 'listo',
   '2026-04-02 10:00:00+02', '2026-04-04', NULL, NULL),

  ('d1000000-0000-0000-0000-000000000011',
   'a1000000-0000-0000-0000-000000000001', 'b1000000-0000-0000-0000-000000000001',
   TRUE, 'c1000000-0000-0000-0000-000000000002', 'c1000000-0000-0000-0000-000000000001', 27.0, 25.0,
   FALSE, FALSE, FALSE,
   38.00, FALSE, 'en_proceso',
   '2026-04-07 09:00:00+02', '2026-04-09', NULL, 'Híbrido Alu Power main + RPM cross.'),

  ('d1000000-0000-0000-0000-000000000012',
   'a1000000-0000-0000-0000-000000000005', 'b1000000-0000-0000-0000-000000000007',
   TRUE, 'c1000000-0000-0000-0000-000000000001', 'c1000000-0000-0000-0000-000000000006', 23.0, 22.0,
   TRUE, FALSE, FALSE,
   40.00, FALSE, 'pendiente',
   '2026-04-09 11:00:00+02', '2026-04-11', NULL, NULL);